rally,ball_round,time,frame_num,roundscore_A,roundscore_B,player,server,type,aroundhead,backhand,hit_height,hit_area,hit_x,hit_y,landing_height,landing_area,landing_x,landing_y,lose_reason,win_reason,getpoint_player,flaw,player_location_area,player_location_x,player_location_y,opponent_location_area,opponent_location_x,opponent_location_y,db
1,1.0,00:06:59,10478.0,0,1,A,1,發短球,,1.0,2.0,,,,,8.0,568.0,328.0,,,,,8.0,643.0,468.0,8.0,576.0,304.0,0
1,2.0,00:06:59,10496.0,0,1,B,2,推球,,,2.0,8.0,568.0,328.0,,5.0,828.0,580.0,,,,,8.0,592.0,331.0,8.0,650.0,477.0,0
1,3.0,00:07:01,10525.0,0,1,A,2,切球,,,1.0,5.0,828.0,580.0,,6.0,748.0,302.0,,,,,9.0,792.0,592.0,8.0,638.0,300.0,0
1,4.0,00:07:01,10547.0,0,1,B,2,推球,,1.0,2.0,6.0,748.0,302.0,,8.0,753.0,583.0,,,,,8.0,724.0,302.0,8.0,729.0,504.0,0
1,5.0,00:07:03,10582.0,0,1,A,2,過度切球,,,1.0,8.0,753.0,583.0,,6.0,775.0,328.0,,,,,8.0,744.0,576.0,8.0,638.0,300.0,0
1,6.0,00:07:04,10605.0,0,1,B,2,放小球,,1.0,2.0,6.0,775.0,328.0,,1.0,784.0,403.0,,,,,8.0,739.0,328.0,8.0,676.0,547.0,0
1,7.0,00:07:05,10630.0,0,1,A,2,挑球,,,2.0,1.0,784.0,403.0,,4.0,760.0,266.0,,,,,1.0,765.0,420.0,8.0,717.0,331.0,0
1,8.0,00:07:07,10679.0,0,1,B,3,殺球,,,1.0,4.0,760.0,266.0,,6.0,463.0,532.0,對手落地致勝,落地致勝,B,,4.0,763.0,264.0,8.0,712.0,504.0,0
2,1.0,00:07:24,11101.0,1,1,B,1,發短球,,1.0,2.0,,,,,7.0,556.0,448.0,,,,,8.0,638.0,307.0,8.0,552.0,513.0,0
2,2.0,00:07:24,11120.0,1,1,A,2,放小球,,,2.0,7.0,556.0,448.0,,1.0,482.0,336.0,,,,,8.0,566.0,482.0,8.0,616.0,312.0,0
2,3.0,00:07:25,11142.0,1,1,B,2,推球,,,2.0,1.0,482.0,336.0,,3.0,799.0,592.0,,,,,1.0,528.0,338.0,8.0,573.0,470.0,0
2,4.0,00:07:26,11174.0,1,1,A,2,切球,,,1.0,3.0,799.0,592.0,,5.0,504.0,328.0,,,,,9.0,751.0,600.0,8.0,600.0,307.0,0
2,5.0,00:07:27,11193.0,1,1,B,2,推球,,,2.0,5.0,504.0,328.0,,8.0,732.0,525.0,,,,,8.0,537.0,324.0,8.0,696.0,564.0,0
2,6.0,00:07:28,11214.0,1,1,A,2,點扣,,,1.0,8.0,732.0,525.0,,7.0,542.0,338.0,,,,,8.0,655.0,518.0,8.0,578.0,312.0,0
2,7.0,00:07:29,11237.0,1,1,B,3,擋小球,,,2.0,7.0,542.0,338.0,,1.0,523.0,352.0,未過網,對手未過網,A,,8.0,576.0,328.0,8.0,700.0,535.0,0
3,1.0,00:07:49,11741.0,2,1,A,1,發短球,,1.0,2.0,,,,,7.0,674.0,345.0,,,,,8.0,624.0,477.0,8.0,708.0,295.0,0
3,2.0,00:07:50,11757.0,2,1,B,3,放小球,,,2.0,7.0,674.0,345.0,,10.0,856.0,417.0,出界,對手出界,A,,8.0,681.0,331.0,8.0,643.0,477.0,0
4,1.0,00:08:06,12166.0,2,2,A,1,發短球,,1.0,2.0,,,,,7.0,552.0,336.0,,,,,8.0,636.0,475.0,8.0,578.0,302.0,0
4,2.0,00:08:07,12183.0,2,2,B,2,推球,,,2.0,7.0,552.0,336.0,,6.0,456.0,492.0,,,,,7.0,604.0,343.0,8.0,645.0,482.0,0
4,3.0,00:08:08,12202.0,2,2,A,2,防守回抽,,1.0,1.0,6.0,456.0,492.0,,8.0,720.0,333.0,,,,,8.0,585.0,508.0,8.0,592.0,316.0,0
4,4.0,00:08:08,12222.0,2,2,B,2,推球,,1.0,2.0,8.0,720.0,333.0,,6.0,472.0,576.0,,,,,8.0,684.0,316.0,8.0,585.0,516.0,0
4,5.0,00:08:10,12253.0,2,2,A,2,長球,,1.0,1.0,6.0,472.0,576.0,,3.0,528.0,268.0,,,,,8.0,516.0,580.0,8.0,595.0,300.0,0
4,6.0,00:08:11,12286.0,2,2,B,2,長球,,,1.0,3.0,528.0,268.0,,6.0,417.0,542.0,,,,,9.0,547.0,264.0,8.0,628.0,520.0,0
4,7.0,00:08:12,12317.0,2,2,A,2,過度切球,,1.0,1.0,6.0,417.0,542.0,,5.0,501.0,331.0,,,,,6.0,472.0,578.0,8.0,588.0,295.0,0
4,8.0,00:08:13,12330.0,2,2,B,3,撲球,,,1.0,5.0,501.0,331.0,,4.0,355.0,607.0,對手落地致勝,落地致勝,B,,5.0,518.0,321.0,8.0,568.0,535.0,0
5,1.0,00:08:29,12744.0,3,2,B,1,發短球,,1.0,2.0,,,,,7.0,760.0,441.0,,,,,8.0,621.0,319.0,8.0,708.0,516.0,0
5,2.0,00:08:30,12764.0,3,2,A,2,推球,,,2.0,7.0,760.0,441.0,,3.0,523.0,271.0,,,,,8.0,729.0,468.0,8.0,621.0,319.0,0
5,3.0,00:08:31,12799.0,3,2,B,2,過度切球,,,1.0,3.0,523.0,271.0,,6.0,427.0,496.0,,,,,3.0,542.0,256.0,8.0,640.0,484.0,0
5,4.0,00:08:32,12813.0,3,2,A,2,放小球,,1.0,1.0,6.0,427.0,496.0,,1.0,465.0,336.0,,,,,8.0,595.0,489.0,8.0,556.0,273.0,0
5,5.0,00:08:33,12834.0,3,2,B,2,挑球,,,2.0,1.0,465.0,336.0,,6.0,424.0,525.0,,,,,5.0,513.0,328.0,8.0,556.0,499.0,0
5,6.0,00:08:34,12859.0,3,2,A,2,點扣,1.0,,1.0,6.0,424.0,525.0,,5.0,480.0,288.0,,,,,8.0,511.0,556.0,8.0,576.0,297.0,0
5,7.0,00:08:34,12868.0,3,2,B,2,防守回挑,,,2.0,5.0,480.0,288.0,,8.0,588.0,504.0,,,,,8.0,552.0,290.0,8.0,506.0,556.0,0
5,8.0,00:08:35,12892.0,3,2,A,3,殺球,,,1.0,8.0,588.0,504.0,1.0,5.0,530.0,297.0,對手落地致勝,落地致勝,A,,8.0,511.0,504.0,8.0,571.0,283.0,0
6,1.0,00:08:57,13432.0,3,3,A,1,發短球,,1.0,2.0,,,,,8.0,669.0,331.0,,,,,8.0,624.0,484.0,8.0,705.0,300.0,0
6,2.0,00:08:58,13450.0,3,3,B,2,推球,,1.0,2.0,8.0,669.0,331.0,,4.0,415.0,592.0,,,,,8.0,628.0,324.0,8.0,636.0,470.0,0
6,3.0,00:08:59,13477.0,3,3,A,2,過度切球,,1.0,1.0,4.0,415.0,592.0,,7.0,744.0,336.0,,,,,4.0,458.0,597.0,8.0,578.0,295.0,0
6,4.0,00:08:59,13498.0,3,3,B,2,推球,,1.0,2.0,7.0,744.0,336.0,,5.0,866.0,540.0,,,,,8.0,700.0,328.0,8.0,602.0,535.0,0
6,5.0,00:09:00,13520.0,3,3,A,2,後場抽平球,,,2.0,5.0,866.0,540.0,,6.0,748.0,283.0,,,,,5.0,796.0,542.0,8.0,667.0,302.0,0
6,6.0,00:09:01,13537.0,3,3,B,3,殺球,1.0,,1.0,6.0,748.0,283.0,,5.0,813.0,566.0,對手落地致勝,落地致勝,B,,8.0,700.0,283.0,8.0,765.0,559.0,0
7,1.0,00:09:19,13982.0,4,3,B,1,發短球,,1.0,2.0,,,,,7.0,559.0,446.0,,,,,8.0,638.0,307.0,8.0,549.0,506.0,0
7,2.0,00:09:20,14006.0,4,3,A,2,推球,,,2.0,7.0,559.0,446.0,,9.0,667.0,256.0,,,,,8.0,561.0,460.0,8.0,612.0,312.0,0
7,3.0,00:09:21,14036.0,4,3,B,2,點扣,1.0,,1.0,9.0,667.0,256.0,,6.0,470.0,484.0,,,,,9.0,681.0,264.0,8.0,669.0,516.0,0
7,4.0,00:09:22,14050.0,4,3,A,2,擋小球,,1.0,2.0,6.0,470.0,484.0,,1.0,494.0,343.0,,,,,8.0,552.0,525.0,9.0,669.0,264.0,0
7,5.0,00:09:23,14075.0,4,3,B,2,推球,,,2.0,1.0,494.0,343.0,,5.0,852.0,578.0,,,,,8.0,540.0,328.0,8.0,532.0,484.0,0
7,6.0,00:09:24,14107.0,4,3,A,2,過度切球,,,1.0,5.0,852.0,578.0,,6.0,765.0,292.0,,,,,8.0,789.0,590.0,8.0,616.0,309.0,0
7,7.0,00:09:24,14123.0,4,3,B,2,勾球,,1.0,2.0,6.0,765.0,292.0,,2.0,427.0,456.0,,,,,8.0,696.0,304.0,8.0,756.0,556.0,0
7,8.0,00:09:25,14145.0,4,3,A,2,放小球,,1.0,2.0,2.0,427.0,456.0,,1.0,475.0,343.0,,,,,6.0,496.0,482.0,8.0,650.0,292.0,0
7,9.0,00:09:26,14168.0,4,3,B,2,推球,,,2.0,1.0,475.0,343.0,,8.0,777.0,559.0,,,,,1.0,508.0,340.0,8.0,564.0,472.0,0
7,10.0,00:09:27,14192.0,4,3,A,2,長球,,,1.0,8.0,777.0,559.0,,4.0,751.0,266.0,,,,,8.0,715.0,549.0,8.0,595.0,312.0,0
7,11.0,00:09:28,14218.0,4,3,B,2,長球,1.0,,1.0,4.0,751.0,266.0,,8.0,501.0,549.0,,,,,8.0,724.0,278.0,8.0,715.0,547.0,0
7,12.0,00:09:29,14247.0,4,3,A,2,點扣,1.0,,1.0,8.0,501.0,549.0,,8.0,724.0,300.0,,,,,8.0,544.0,549.0,8.0,636.0,288.0,0
7,13.0,00:09:30,14257.0,4,3,B,2,擋小球,,1.0,2.0,8.0,724.0,300.0,,1.0,787.0,432.0,,,,,8.0,669.0,295.0,8.0,528.0,590.0,0
7,14.0,00:09:31,14286.0,4,3,A,2,挑球,,,2.0,1.0,787.0,432.0,,3.0,540.0,268.0,,,,,7.0,736.0,456.0,8.0,676.0,288.0,0
7,15.0,00:09:32,14313.0,4,3,B,2,長球,,,1.0,3.0,540.0,268.0,,6.0,472.0,564.0,,,,,9.0,585.0,264.0,8.0,664.0,477.0,0
7,16.0,00:09:33,14341.0,4,3,A,2,點扣,1.0,,1.0,6.0,472.0,564.0,,5.0,530.0,290.0,,,,,8.0,528.0,547.0,8.0,578.0,278.0,0
7,17.0,00:09:34,14354.0,4,3,B,2,勾球,,,2.0,5.0,530.0,290.0,,7.0,732.0,446.0,,,,,8.0,571.0,285.0,8.0,537.0,568.0,0
7,18.0,00:09:35,14380.0,4,3,A,2,挑球,,,2.0,7.0,732.0,446.0,,4.0,768.0,259.0,,,,,7.0,727.0,446.0,8.0,614.0,307.0,0
7,19.0,00:09:36,14410.0,4,3,B,2,長球,1.0,,1.0,4.0,768.0,259.0,,5.0,868.0,583.0,,,,,8.0,722.0,273.0,8.0,698.0,499.0,0
7,20.0,00:09:37,14436.0,4,3,A,2,切球,,,1.0,5.0,868.0,583.0,,5.0,506.0,331.0,,,,,5.0,835.0,590.0,8.0,676.0,288.0,0
7,21.0,00:09:38,14458.0,4,3,B,2,放小球,,,2.0,5.0,506.0,331.0,,2.0,468.0,398.0,,,,,8.0,540.0,328.0,8.0,727.0,556.0,0
7,22.0,00:09:39,14489.0,4,3,A,2,挑球,,1.0,2.0,2.0,468.0,398.0,,4.0,744.0,261.0,,,,,2.0,494.0,432.0,8.0,585.0,326.0,0
7,23.0,00:09:40,14520.0,4,3,B,2,長球,1.0,,1.0,4.0,744.0,261.0,,5.0,825.0,578.0,,,,,13.0,712.0,249.0,8.0,624.0,460.0,0
7,24.0,00:09:41,14545.0,4,3,A,2,長球,,,1.0,5.0,825.0,578.0,,4.0,744.0,264.0,,,,,8.0,780.0,568.0,8.0,696.0,280.0,0
7,25.0,00:09:43,14579.0,4,3,B,2,點扣,1.0,,1.0,4.0,744.0,264.0,,5.0,835.0,496.0,,,,,4.0,734.0,261.0,8.0,681.0,530.0,0
7,26.0,00:09:43,14598.0,4,3,A,2,擋小球,,,2.0,5.0,835.0,496.0,,6.0,746.0,326.0,,,,,8.0,758.0,525.0,9.0,717.0,264.0,0
7,27.0,00:09:45,14626.0,4,3,B,2,推球,,1.0,2.0,6.0,746.0,326.0,,6.0,456.0,547.0,,,,,8.0,732.0,333.0,8.0,753.0,480.0,0
7,28.0,00:09:45,14649.0,4,3,A,2,後場抽平球,,1.0,2.0,6.0,456.0,547.0,,3.0,530.0,271.0,,,,,8.0,530.0,576.0,8.0,633.0,307.0,0
7,29.0,00:09:46,14666.0,4,3,B,2,點扣,,,1.0,3.0,530.0,271.0,,8.0,724.0,501.0,,,,,8.0,580.0,288.0,8.0,602.0,544.0,0
7,30.0,00:09:47,14682.0,4,3,A,2,擋小球,,,2.0,8.0,724.0,501.0,,2.0,811.0,340.0,,,,,8.0,667.0,535.0,5.0,520.0,273.0,0
7,31.0,00:09:48,14711.0,4,3,B,2,挑球,,1.0,2.0,2.0,811.0,340.0,,3.0,820.0,621.0,,,,,2.0,760.0,338.0,8.0,722.0,492.0,0
7,32.0,00:09:49,14746.0,4,3,A,2,長球,,,1.0,3.0,820.0,621.0,,3.0,516.0,264.0,,,,,8.0,765.0,585.0,8.0,715.0,321.0,0
7,33.0,00:09:51,14783.0,4,3,B,2,切球,,,1.0,3.0,516.0,264.0,,2.0,451.0,424.0,,,,,3.0,540.0,259.0,8.0,652.0,535.0,0
7,34.0,00:09:52,14807.0,4,3,A,2,勾球,,1.0,2.0,2.0,451.0,424.0,,2.0,777.0,345.0,,,,,6.0,480.0,470.0,8.0,576.0,295.0,0
7,35.0,00:09:53,14834.0,4,3,B,3,擋小球,,1.0,2.0,2.0,777.0,345.0,2.0,2.0,789.0,343.0,未過網,對手未過網,A,,7.0,645.0,360.0,2.0,453.0,427.0,0
8,1.0,00:10:54,16367.0,4,4,A,1,發短球,,1.0,2.0,,,,,8.0,592.0,328.0,,,,,8.0,640.0,489.0,8.0,573.0,309.0,0
8,2.0,00:10:55,16392.0,4,4,B,2,放小球,,,2.0,8.0,592.0,328.0,,7.0,736.0,405.0,,,,,7.0,576.0,336.0,8.0,648.0,489.0,0
8,3.0,00:10:56,16412.0,4,4,A,2,挑球,,,2.0,7.0,736.0,405.0,,3.0,523.0,266.0,,,,,7.0,715.0,432.0,8.0,640.0,316.0,0
8,4.0,00:10:57,16446.0,4,4,B,2,切球,,,1.0,3.0,523.0,266.0,,1.0,775.0,444.0,,,,,3.0,540.0,256.0,8.0,640.0,472.0,0
8,5.0,00:10:58,16467.0,4,4,A,2,放小球,,,2.0,1.0,775.0,444.0,,2.0,758.0,348.0,,,,,8.0,751.0,460.0,9.0,592.0,271.0,0
8,6.0,00:10:59,16490.0,4,4,B,2,放小球,,1.0,2.0,2.0,758.0,348.0,,1.0,792.0,400.0,,,,,7.0,736.0,350.0,8.0,715.0,475.0,0
8,7.0,00:11:00,16513.0,4,4,A,2,挑球,,,2.0,1.0,792.0,400.0,,9.0,705.0,259.0,,,,,1.0,765.0,424.0,8.0,688.0,331.0,0
8,8.0,00:11:02,16552.0,4,4,B,2,長球,1.0,,1.0,9.0,705.0,259.0,,8.0,554.0,571.0,,,,,9.0,708.0,266.0,8.0,686.0,489.0,0
8,9.0,00:11:03,16578.0,4,4,A,3,點扣,1.0,,1.0,8.0,554.0,571.0,2.0,11.0,820.0,285.0,出界,對手出界,B,,8.0,607.0,549.0,8.0,636.0,288.0,0
9,1.0,00:11:18,16959.0,4,5,B,1,發長球,,1.0,2.0,,,,,8.0,753.0,571.0,,,,,8.0,616.0,319.0,8.0,708.0,518.0,0
9,2.0,00:11:19,16986.0,4,5,A,2,點扣,,,1.0,8.0,753.0,571.0,,6.0,760.0,302.0,,,,,8.0,727.0,556.0,8.0,616.0,314.0,0
9,3.0,00:11:20,17000.0,4,5,B,2,擋小球,,1.0,2.0,6.0,760.0,302.0,,1.0,792.0,412.0,,,,,8.0,640.0,307.0,8.0,734.0,590.0,0
9,4.0,00:11:20,17023.0,4,5,A,2,放小球,,,2.0,1.0,792.0,412.0,,2.0,760.0,357.0,,,,,7.0,736.0,441.0,8.0,660.0,307.0,0
9,5.0,00:11:21,17045.0,4,5,B,2,放小球,,1.0,2.0,2.0,760.0,357.0,,1.0,789.0,405.0,,,,,7.0,736.0,357.0,7.0,724.0,451.0,0
9,6.0,00:11:22,17064.0,4,5,A,2,挑球,,,2.0,1.0,789.0,405.0,,6.0,736.0,300.0,,,,,1.0,760.0,412.0,7.0,710.0,350.0,0
9,7.0,00:11:23,17097.0,4,5,B,3,殺球,1.0,,1.0,6.0,736.0,300.0,,8.0,537.0,556.0,對手落地致勝,落地致勝,B,,8.0,727.0,316.0,8.0,705.0,484.0,0
10,1.0,00:11:41,17537.0,4,6,B,1,發短球,,1.0,2.0,,,,,2.0,480.0,434.0,,,,,8.0,638.0,319.0,8.0,552.0,513.0,0
10,2.0,00:11:42,17560.0,4,6,A,2,推球,,1.0,2.0,2.0,480.0,434.0,,9.0,691.0,268.0,,,,,7.0,535.0,453.0,8.0,619.0,307.0,0
10,3.0,00:11:43,17591.0,4,6,B,2,長球,1.0,,1.0,9.0,691.0,268.0,,8.0,782.0,552.0,,,,,9.0,698.0,264.0,8.0,669.0,506.0,0
10,4.0,00:11:44,17613.0,4,6,A,2,點扣,,,1.0,8.0,782.0,552.0,,6.0,784.0,309.0,,,,,8.0,734.0,547.0,8.0,672.0,280.0,0
10,5.0,00:11:44,17624.0,4,6,B,2,防守回挑,,,2.0,6.0,784.0,309.0,,8.0,770.0,580.0,,,,,8.0,636.0,297.0,8.0,760.0,583.0,0
10,6.0,00:11:46,17654.0,4,6,A,2,殺球,,,1.0,8.0,770.0,580.0,,8.0,544.0,307.0,,,,,8.0,756.0,568.0,8.0,616.0,292.0,0
10,7.0,00:11:46,17665.0,4,6,B,2,擋小球,,,2.0,8.0,544.0,307.0,,2.0,468.0,446.0,,,,,8.0,576.0,295.0,8.0,782.0,573.0,0
10,8.0,00:11:47,17692.0,4,6,A,3,挑球,,1.0,2.0,2.0,468.0,446.0,2.0,13.0,511.0,244.0,出界,對手出界,B,,7.0,506.0,448.0,8.0,585.0,307.0,0
11,1.0,00:12:05,18145.0,5,6,B,1,發短球,,1.0,2.0,,,,,7.0,744.0,417.0,,,,,8.0,624.0,319.0,8.0,717.0,518.0,0
11,2.0,00:12:06,18165.0,5,6,A,2,勾球,,,2.0,7.0,744.0,417.0,,7.0,532.0,338.0,,,,,8.0,712.0,470.0,8.0,624.0,314.0,0
11,3.0,00:12:07,18185.0,5,6,B,2,挑球,,,2.0,7.0,532.0,338.0,,5.0,825.0,590.0,,,,,7.0,568.0,338.0,8.0,660.0,477.0,0
11,4.0,00:12:08,18217.0,5,6,A,2,後場抽平球,,,1.0,5.0,825.0,590.0,,8.0,708.0,307.0,,,,,8.0,760.0,583.0,8.0,628.0,309.0,0
11,5.0,00:12:09,18235.0,5,6,B,2,切球,,1.0,1.0,8.0,708.0,307.0,,1.0,777.0,446.0,,,,,8.0,703.0,312.0,8.0,741.0,564.0,0
11,6.0,00:12:10,18256.0,5,6,A,2,挑球,,,2.0,1.0,777.0,446.0,,4.0,756.0,264.0,,,,,8.0,746.0,470.0,8.0,674.0,300.0,0
11,7.0,00:12:11,18293.0,5,6,B,2,殺球,1.0,,1.0,4.0,756.0,264.0,,6.0,489.0,513.0,,,,,4.0,751.0,264.0,8.0,710.0,504.0,0
11,8.0,00:12:12,18306.0,5,6,A,2,擋小球,,1.0,2.0,6.0,489.0,513.0,,1.0,518.0,338.0,,,,,8.0,720.0,520.0,4.0,756.0,264.0,0
11,9.0,00:12:13,18333.0,5,6,B,2,挑球,,,2.0,1.0,518.0,338.0,,6.0,391.0,583.0,,,,,8.0,561.0,328.0,8.0,573.0,504.0,0
11,10.0,00:12:14,18362.0,5,6,A,2,長球,,1.0,1.0,6.0,391.0,583.0,,3.0,525.0,266.0,,,,,6.0,420.0,583.0,8.0,592.0,295.0,0
11,11.0,00:12:15,18390.0,5,6,B,2,殺球,,,1.0,3.0,525.0,266.0,,5.0,811.0,482.0,,,,,9.0,554.0,259.0,8.0,604.0,528.0,0
11,12.0,00:12:16,18404.0,5,6,A,2,擋小球,,,2.0,5.0,811.0,482.0,,6.0,772.0,331.0,,,,,8.0,662.0,520.0,3.0,528.0,259.0,0
11,13.0,00:12:17,18435.0,5,6,B,3,挑球,,1.0,2.0,6.0,772.0,331.0,,14.0,343.0,604.0,出界,對手出界,A,,8.0,724.0,324.0,8.0,748.0,477.0,0
12,1.0,00:13:01,19539.0,6,6,A,1,發短球,,1.0,2.0,,,,,7.0,688.0,336.0,,,,,8.0,616.0,477.0,8.0,715.0,300.0,0
12,2.0,00:13:02,19558.0,6,6,B,2,推球,,1.0,2.0,7.0,688.0,336.0,,5.0,859.0,580.0,,,,,8.0,648.0,326.0,8.0,648.0,482.0,0
12,3.0,00:13:03,19585.0,6,6,A,2,切球,,,1.0,5.0,859.0,580.0,,5.0,504.0,321.0,,,,,5.0,813.0,576.0,8.0,636.0,300.0,0
12,4.0,00:13:04,19609.0,6,6,B,2,挑球,,,2.0,5.0,504.0,321.0,,6.0,458.0,552.0,,,,,5.0,530.0,319.0,8.0,691.0,537.0,0
12,5.0,00:13:05,19630.0,6,6,A,2,點扣,1.0,,1.0,6.0,458.0,552.0,,8.0,624.0,288.0,,,,,8.0,585.0,520.0,8.0,552.0,321.0,0
12,6.0,00:13:05,19642.0,6,6,B,2,防守回挑,,1.0,2.0,8.0,624.0,288.0,,3.0,808.0,592.0,,,,,8.0,552.0,300.0,8.0,552.0,549.0,0
12,7.0,00:13:06,19674.0,6,6,A,2,切球,,,1.0,3.0,808.0,592.0,,1.0,472.0,343.0,,,,,9.0,765.0,595.0,8.0,624.0,302.0,0
12,8.0,00:13:07,19699.0,6,6,B,2,放小球,,,2.0,1.0,472.0,343.0,,2.0,460.0,420.0,,,,,8.0,535.0,331.0,8.0,655.0,523.0,0
12,9.0,00:13:08,19721.0,6,6,A,2,挑球,,1.0,2.0,2.0,460.0,420.0,,9.0,698.0,266.0,,,,,7.0,511.0,456.0,8.0,568.0,309.0,0
12,10.0,00:13:10,19753.0,6,6,B,2,長球,1.0,,1.0,9.0,698.0,266.0,,6.0,470.0,566.0,,,,,9.0,698.0,266.0,8.0,636.0,499.0,0
12,11.0,00:13:11,19776.0,6,6,A,3,點扣,1.0,,1.0,6.0,470.0,566.0,2.0,6.0,748.0,319.0,對手落地致勝,落地致勝,A,,8.0,580.0,530.0,8.0,640.0,283.0,0
13,1.0,00:13:46,20664.0,6,7,A,1,未知球種,,,2.0,,,,,,,,,,,1.0,,,,,,,0
13,2.0,00:13:46,20664.0,6,7,B,2,未知球種,,,,,,,,,,,,,,1.0,,,,,,,0
13,3.0,00:13:46,20664.0,6,7,A,2,未知球種,,,,,,,,,,,,,,1.0,,,,,,,0
13,4.0,00:13:46,20664.0,6,7,B,2,未知球種,,,,,,,,,,,,,,1.0,,,,,,,0
13,5.0,00:13:46,20664.0,6,7,A,2,未知球種,,,,,,,,,,,,,,1.0,,,,,,,0
14,1.0,00:14:06,21171.0,7,7,B,1,發短球,,1.0,2.0,,,,,7.0,604.0,441.0,,,,,8.0,643.0,316.0,8.0,552.0,525.0,0
14,2.0,00:14:07,21191.0,7,7,A,2,放小球,,,2.0,7.0,604.0,441.0,,7.0,600.0,338.0,,,,,8.0,588.0,460.0,8.0,619.0,307.0,0
14,3.0,00:14:08,21209.0,7,7,B,2,放小球,,,2.0,7.0,600.0,338.0,,7.0,612.0,429.0,,,,,7.0,604.0,340.0,8.0,616.0,480.0,0
14,4.0,00:14:09,21228.0,7,7,A,2,挑球,,1.0,2.0,7.0,612.0,429.0,,9.0,693.0,266.0,,,,,7.0,648.0,432.0,7.0,604.0,343.0,0
14,5.0,00:14:10,21266.0,7,7,B,3,殺球,1.0,,1.0,9.0,693.0,266.0,,7.0,672.0,386.0,掛網,對手掛網,A,,9.0,693.0,266.0,8.0,664.0,516.0,0
15,1.0,00:14:32,21813.0,7,8,A,1,發短球,,1.0,2.0,,,,,7.0,660.0,345.0,,,,,8.0,626.0,484.0,8.0,710.0,302.0,0
15,2.0,00:14:33,21827.0,7,8,B,2,放小球,,,2.0,7.0,660.0,345.0,,7.0,696.0,408.0,,,,,8.0,674.0,328.0,8.0,648.0,477.0,0
15,3.0,00:14:33,21847.0,7,8,A,2,挑球,,,2.0,7.0,696.0,408.0,,9.0,552.0,266.0,,,,,7.0,676.0,420.0,7.0,660.0,338.0,0
15,4.0,00:14:35,21894.0,7,8,B,3,殺球,,,1.0,9.0,552.0,266.0,,5.0,880.0,552.0,對手落地致勝,落地致勝,B,,9.0,547.0,266.0,8.0,655.0,513.0,0
16,1.0,00:15:02,22568.0,7,9,B,1,發短球,,1.0,2.0,,,,,7.0,703.0,448.0,,,,,8.0,619.0,319.0,8.0,710.0,516.0,0
16,2.0,00:15:03,22587.0,7,9,A,2,勾球,,,2.0,7.0,703.0,448.0,,1.0,504.0,360.0,,,,,8.0,686.0,465.0,8.0,616.0,319.0,0
16,3.0,00:15:04,22607.0,7,9,B,2,放小球,,,2.0,1.0,504.0,360.0,,7.0,523.0,405.0,,,,,7.0,549.0,350.0,7.0,631.0,458.0,0
16,4.0,00:15:05,22627.0,7,9,A,2,挑球,,1.0,2.0,7.0,523.0,405.0,,9.0,619.0,256.0,,,,,7.0,556.0,422.0,7.0,566.0,336.0,0
16,5.0,00:15:07,22683.0,7,9,B,2,長球,,,1.0,9.0,619.0,256.0,,8.0,604.0,573.0,,,,,13.0,633.0,252.0,8.0,660.0,506.0,0
16,6.0,00:15:08,22711.0,7,9,A,3,點扣,,,1.0,8.0,604.0,573.0,2.0,15.0,456.0,295.0,出界,對手出界,B,,8.0,607.0,564.0,8.0,590.0,285.0,0
17,1.0,00:15:44,23617.0,8,9,B,1,發短球,,1.0,2.0,,,,,7.0,583.0,453.0,,,,,8.0,638.0,314.0,8.0,559.0,516.0,0
17,2.0,00:15:45,23634.0,8,9,A,2,推球,,1.0,2.0,7.0,583.0,453.0,,8.0,720.0,273.0,,,,,8.0,600.0,465.0,8.0,624.0,321.0,0
17,3.0,00:15:46,23664.0,8,9,B,2,長球,1.0,,1.0,8.0,720.0,273.0,,5.0,816.0,580.0,,,,,9.0,698.0,264.0,8.0,684.0,499.0,0
17,4.0,00:15:47,23690.0,8,9,A,2,切球,,,1.0,5.0,816.0,580.0,,8.0,532.0,333.0,,,,,8.0,770.0,583.0,8.0,662.0,288.0,0
17,5.0,00:15:48,23713.0,8,9,B,2,推球,,,2.0,8.0,532.0,333.0,,5.0,856.0,590.0,,,,,8.0,552.0,316.0,8.0,691.0,547.0,0
17,6.0,00:15:49,23740.0,8,9,A,2,過度切球,,,1.0,5.0,856.0,590.0,,5.0,487.0,328.0,,,,,5.0,801.0,590.0,8.0,638.0,309.0,0
17,7.0,00:15:50,23762.0,8,9,B,2,放小球,,,2.0,5.0,487.0,328.0,,2.0,492.0,415.0,,,,,8.0,552.0,324.0,8.0,715.0,556.0,0
17,8.0,00:15:51,23788.0,8,9,A,2,挑球,,1.0,2.0,2.0,492.0,415.0,,4.0,763.0,266.0,,,,,7.0,511.0,434.0,8.0,588.0,331.0,0
17,9.0,00:15:52,23821.0,8,9,B,2,長球,1.0,,1.0,4.0,763.0,266.0,,8.0,504.0,585.0,,,,,9.0,710.0,259.0,8.0,664.0,494.0,0
17,10.0,00:15:54,23857.0,8,9,A,2,點扣,1.0,,1.0,8.0,504.0,585.0,,5.0,475.0,300.0,,,,,8.0,530.0,571.0,8.0,602.0,295.0,0
17,11.0,00:15:54,23870.0,8,9,B,2,擋小球,,,2.0,5.0,475.0,300.0,,2.0,448.0,417.0,,,,,8.0,542.0,309.0,8.0,494.0,590.0,0
17,12.0,00:15:55,23895.0,8,9,A,2,推球,,1.0,2.0,2.0,448.0,417.0,,3.0,501.0,266.0,,,,,2.0,504.0,453.0,8.0,571.0,307.0,0
17,13.0,00:15:57,23929.0,8,9,B,2,過度切球,,,1.0,3.0,501.0,266.0,,7.0,523.0,410.0,,,,,13.0,532.0,254.0,8.0,595.0,489.0,0
17,14.0,00:15:57,23948.0,8,9,A,2,勾球,,1.0,2.0,7.0,523.0,410.0,,7.0,724.0,343.0,,,,,8.0,568.0,468.0,9.0,571.0,266.0,0
17,15.0,00:15:58,23967.0,8,9,B,2,放小球,,1.0,2.0,7.0,724.0,343.0,,7.0,739.0,420.0,,,,,8.0,688.0,331.0,8.0,640.0,482.0,0
17,16.0,00:15:59,23988.0,8,9,A,2,放小球,,,2.0,7.0,739.0,420.0,,7.0,676.0,357.0,,,,,7.0,717.0,417.0,8.0,696.0,328.0,0
17,17.0,00:16:00,24012.0,8,9,B,2,挑球,,1.0,2.0,7.0,676.0,357.0,,8.0,506.0,561.0,,,,,7.0,684.0,345.0,7.0,688.0,441.0,0
17,18.0,00:16:02,24051.0,8,9,A,3,殺球,1.0,,1.0,8.0,506.0,561.0,2.0,6.0,794.0,288.0,對手落地致勝,落地致勝,A,,8.0,516.0,559.0,8.0,600.0,295.0,0
18,1.0,00:16:23,24582.0,8,10,A,1,發短球,,1.0,2.0,,,,,1.0,516.0,338.0,,,,,8.0,652.0,484.0,8.0,583.0,295.0,0
18,2.0,00:16:23,24592.0,8,10,B,2,推球,,,2.0,1.0,516.0,338.0,,6.0,424.0,537.0,,,,,8.0,564.0,328.0,8.0,648.0,482.0,0
18,3.0,00:16:24,24614.0,8,10,A,2,後場抽平球,,1.0,1.0,6.0,424.0,537.0,,5.0,480.0,283.0,,,,,8.0,518.0,523.0,8.0,583.0,316.0,0
18,4.0,00:16:25,24627.0,8,10,B,2,後場抽平球,,,1.0,5.0,480.0,283.0,,6.0,420.0,535.0,,,,,8.0,547.0,300.0,6.0,487.0,532.0,0
18,5.0,00:16:25,24642.0,8,10,A,2,過度切球,,1.0,1.0,6.0,420.0,535.0,,1.0,463.0,350.0,,,,,8.0,576.0,532.0,5.0,532.0,295.0,0
18,6.0,00:16:26,24664.0,8,10,B,2,放小球,,,2.0,1.0,463.0,350.0,,2.0,448.0,410.0,,,,,5.0,484.0,331.0,8.0,576.0,496.0,0
18,7.0,00:16:27,24690.0,8,10,A,2,挑球,,1.0,2.0,2.0,448.0,410.0,,4.0,739.0,259.0,,,,,2.0,477.0,434.0,8.0,564.0,319.0,0
18,8.0,00:16:28,24720.0,8,10,B,2,長球,1.0,,1.0,4.0,739.0,259.0,,8.0,487.0,578.0,,,,,9.0,688.0,268.0,8.0,648.0,492.0,0
18,9.0,00:16:30,24755.0,8,10,A,2,殺球,1.0,,1.0,8.0,487.0,578.0,,5.0,513.0,295.0,,,,,8.0,520.0,566.0,8.0,602.0,285.0,0
18,10.0,00:16:30,24766.0,8,10,B,2,擋小球,,,2.0,5.0,513.0,295.0,,7.0,578.0,456.0,,,,,8.0,585.0,292.0,9.0,511.0,600.0,0
18,11.0,00:16:31,24791.0,8,10,A,2,推球,,,2.0,7.0,578.0,456.0,,5.0,518.0,273.0,,,,,8.0,592.0,475.0,8.0,564.0,300.0,0
18,12.0,00:16:33,24826.0,8,10,B,2,過度切球,,,1.0,5.0,518.0,273.0,,1.0,777.0,427.0,,,,,9.0,547.0,264.0,8.0,636.0,496.0,0
18,13.0,00:16:33,24848.0,8,10,A,2,勾球,,,2.0,1.0,777.0,427.0,,1.0,516.0,357.0,,,,,8.0,736.0,472.0,8.0,614.0,288.0,0
18,14.0,00:16:34,24869.0,8,10,B,2,挑球,,,2.0,1.0,516.0,357.0,,9.0,770.0,607.0,,,,,7.0,542.0,343.0,8.0,664.0,470.0,0
18,15.0,00:16:36,24903.0,8,10,A,2,過度切球,,,1.0,9.0,770.0,607.0,,6.0,780.0,328.0,,,,,9.0,724.0,604.0,8.0,628.0,307.0,0
18,16.0,00:16:36,24921.0,8,10,B,2,防守回抽,,1.0,2.0,6.0,780.0,328.0,,5.0,868.0,564.0,,,,,8.0,741.0,328.0,8.0,684.0,583.0,0
18,17.0,00:16:37,24949.0,8,10,A,2,點扣,,,1.0,5.0,868.0,564.0,,6.0,748.0,278.0,,,,,5.0,796.0,561.0,8.0,648.0,300.0,0
18,18.0,00:16:38,24962.0,8,10,B,2,擋小球,,1.0,2.0,6.0,748.0,278.0,,1.0,840.0,427.0,,,,,8.0,621.0,297.0,5.0,847.0,580.0,0
18,19.0,00:16:39,24982.0,8,10,A,2,挑球,,,2.0,1.0,840.0,427.0,,9.0,561.0,264.0,,,,,5.0,784.0,468.0,8.0,640.0,297.0,0
18,20.0,00:16:40,25012.0,8,10,B,2,殺球,,,1.0,9.0,561.0,264.0,,8.0,552.0,475.0,,,,,9.0,616.0,259.0,8.0,684.0,504.0,0
18,21.0,00:16:40,25024.0,8,10,A,2,擋小球,,1.0,2.0,8.0,552.0,475.0,,8.0,540.0,321.0,,,,,8.0,681.0,523.0,9.0,556.0,261.0,0
18,22.0,00:16:41,25044.0,8,10,B,2,平球,,,1.0,8.0,540.0,321.0,,7.0,612.0,434.0,,,,,8.0,585.0,331.0,8.0,640.0,511.0,0
18,23.0,00:16:42,25057.0,8,10,A,2,平球,,1.0,1.0,7.0,612.0,434.0,,8.0,612.0,314.0,,,,,8.0,679.0,494.0,8.0,583.0,331.0,0
18,24.0,00:16:42,25064.0,8,10,B,2,平球,,,1.0,8.0,612.0,314.0,,8.0,619.0,492.0,,,,,8.0,576.0,314.0,8.0,679.0,506.0,0
18,25.0,00:16:42,25072.0,8,10,A,2,平球,,1.0,2.0,8.0,619.0,492.0,,8.0,679.0,328.0,,,,,8.0,686.0,506.0,8.0,595.0,307.0,0
18,26.0,00:16:43,25085.0,8,10,B,2,推球,,1.0,1.0,8.0,679.0,328.0,,6.0,420.0,571.0,,,,,8.0,616.0,302.0,8.0,691.0,516.0,0
18,27.0,00:16:44,25120.0,8,10,A,2,過度切球,,1.0,1.0,6.0,420.0,571.0,,6.0,768.0,331.0,,,,,6.0,472.0,585.0,8.0,597.0,300.0,0
18,28.0,00:16:45,25143.0,8,10,B,2,挑球,,1.0,2.0,6.0,768.0,331.0,,6.0,453.0,571.0,,,,,8.0,722.0,324.0,8.0,592.0,535.0,0
18,29.0,00:16:46,25173.0,8,10,A,2,過度切球,,1.0,1.0,6.0,453.0,571.0,,8.0,732.0,328.0,,,,,8.0,496.0,564.0,8.0,609.0,295.0,0
18,30.0,00:16:47,25191.0,8,10,B,2,挑球,,1.0,2.0,8.0,732.0,328.0,,6.0,475.0,571.0,,,,,8.0,700.0,321.0,8.0,597.0,552.0,0
18,31.0,00:16:48,25218.0,8,10,A,2,長球,1.0,,1.0,6.0,475.0,571.0,,4.0,729.0,264.0,,,,,8.0,580.0,571.0,8.0,612.0,297.0,0
18,32.0,00:16:50,25251.0,8,10,B,2,切球,1.0,,1.0,4.0,729.0,264.0,,7.0,751.0,432.0,,,,,9.0,700.0,266.0,8.0,626.0,540.0,0
18,33.0,00:16:51,25276.0,8,10,A,2,勾球,,,2.0,7.0,751.0,432.0,,7.0,528.0,352.0,,,,,7.0,736.0,456.0,8.0,708.0,273.0,0
18,34.0,00:16:52,25303.0,8,10,B,2,放小球,,,2.0,7.0,528.0,352.0,,2.0,504.0,405.0,,,,,7.0,571.0,345.0,8.0,645.0,463.0,0
18,35.0,00:16:53,25326.0,8,10,A,2,放小球,,1.0,2.0,2.0,504.0,405.0,,7.0,528.0,357.0,,,,,7.0,530.0,424.0,8.0,554.0,328.0,0
18,36.0,00:16:53,25337.0,8,10,B,3,撲球,,,1.0,7.0,528.0,357.0,,7.0,607.0,458.0,對手落地致勝,落地致勝,B,,8.0,549.0,331.0,7.0,532.0,417.0,0
19,1.0,00:17:42,26555.0,8,11,B,1,未知球種,,,2.0,,,,,,,,,,,1.0,,,,,,,0
19,2.0,00:17:42,26555.0,8,11,A,2,未知球種,,,,,,,,,,,,,,1.0,,,,,,,0
19,3.0,00:17:42,26555.0,8,11,B,2,未知球種,,,,,,,,,,,,,,1.0,,,,,,,0
20,1.0,00:19:43,29580.0,9,11,B,1,發短球,,1.0,2.0,,,,,7.0,564.0,453.0,,,,,8.0,640.0,316.0,8.0,559.0,511.0,0
20,2.0,00:19:43,29598.0,9,11,A,2,放小球,,,2.0,7.0,564.0,453.0,,1.0,477.0,367.0,,,,,8.0,561.0,460.0,8.0,612.0,316.0,0
20,3.0,00:19:44,29619.0,9,11,B,2,放小球,,,2.0,1.0,477.0,367.0,,2.0,460.0,410.0,,,,,1.0,513.0,350.0,8.0,592.0,475.0,0
20,4.0,00:19:45,29638.0,9,11,A,2,挑球,,1.0,2.0,2.0,460.0,410.0,,9.0,681.0,266.0,,,,,2.0,496.0,424.0,7.0,530.0,340.0,0
20,5.0,00:19:47,29677.0,9,11,B,2,殺球,1.0,,1.0,9.0,681.0,266.0,,7.0,513.0,458.0,,,,,9.0,676.0,264.0,8.0,664.0,508.0,0
20,6.0,00:19:47,29696.0,9,11,A,2,擋小球,,1.0,2.0,7.0,513.0,458.0,,7.0,607.0,348.0,,,,,8.0,564.0,463.0,8.0,669.0,276.0,0
20,7.0,00:19:48,29719.0,9,11,B,2,放小球,,,2.0,7.0,607.0,348.0,,7.0,732.0,420.0,,,,,8.0,616.0,326.0,8.0,616.0,468.0,0
20,8.0,00:19:49,29741.0,9,11,A,2,放小球,,,2.0,7.0,732.0,420.0,,7.0,729.0,364.0,,,,,7.0,710.0,432.0,8.0,645.0,328.0,0
20,9.0,00:19:50,29762.0,9,11,B,2,挑球,,1.0,2.0,7.0,729.0,364.0,,5.0,895.0,583.0,,,,,7.0,684.0,338.0,7.0,700.0,436.0,0
20,10.0,00:19:53,29826.0,9,11,A,2,殺球,,,1.0,5.0,895.0,583.0,,6.0,763.0,280.0,,,,,5.0,868.0,571.0,8.0,657.0,295.0,0
20,11.0,00:19:53,29834.0,9,11,B,3,防守回抽,,1.0,2.0,6.0,763.0,280.0,2.0,15.0,403.0,321.0,出界,對手出界,A,,8.0,636.0,295.0,5.0,914.0,590.0,0
21,1.0,00:20:19,30497.0,10,11,A,1,發短球,,1.0,2.0,,,,,8.0,674.0,333.0,,,,,8.0,619.0,487.0,8.0,712.0,292.0,0
21,2.0,00:20:20,30510.0,10,11,B,2,推球,,,2.0,8.0,674.0,333.0,,8.0,511.0,564.0,,,,,8.0,703.0,333.0,8.0,638.0,487.0,0
21,3.0,00:20:21,30539.0,10,11,A,2,點扣,1.0,,1.0,8.0,511.0,564.0,,5.0,535.0,302.0,,,,,8.0,609.0,549.0,8.0,616.0,302.0,0
21,4.0,00:20:22,30550.0,10,11,B,2,擋小球,,,2.0,5.0,535.0,302.0,,8.0,614.0,492.0,,,,,8.0,568.0,295.0,8.0,578.0,571.0,0
21,5.0,00:20:22,30569.0,10,11,A,2,放小球,,1.0,2.0,8.0,614.0,492.0,,7.0,624.0,352.0,,,,,8.0,652.0,496.0,8.0,604.0,304.0,0
21,6.0,00:20:23,30590.0,10,11,B,3,放小球,,,2.0,7.0,624.0,352.0,,1.0,770.0,398.0,掛網,對手掛網,A,,8.0,636.0,328.0,8.0,643.0,494.0,0
22,1.0,00:20:43,31081.0,11,11,A,1,發短球,,1.0,2.0,,,,,7.0,537.0,350.0,,,,,8.0,640.0,480.0,8.0,580.0,302.0,0
22,2.0,00:20:43,31095.0,11,11,B,2,推球,,,2.0,7.0,537.0,350.0,,5.0,804.0,585.0,,,,,8.0,566.0,321.0,8.0,643.0,470.0,0
22,3.0,00:20:44,31122.0,11,11,A,2,後場抽平球,,,1.0,5.0,804.0,585.0,,6.0,758.0,285.0,,,,,9.0,734.0,592.0,8.0,616.0,312.0,0
22,4.0,00:20:45,31137.0,11,11,B,2,過度切球,,1.0,2.0,6.0,758.0,285.0,,5.0,808.0,460.0,,,,,8.0,662.0,302.0,8.0,732.0,561.0,0
22,5.0,00:20:46,31156.0,11,11,A,2,勾球,,,2.0,5.0,808.0,460.0,,7.0,674.0,343.0,,,,,8.0,768.0,487.0,8.0,676.0,302.0,0
22,6.0,00:20:46,31174.0,11,11,B,2,放小球,,,2.0,7.0,674.0,343.0,,1.0,772.0,415.0,,,,,8.0,657.0,331.0,8.0,722.0,504.0,0
22,7.0,00:20:47,31197.0,11,11,A,2,挑球,,,2.0,1.0,772.0,415.0,,4.0,739.0,261.0,,,,,7.0,748.0,439.0,8.0,672.0,321.0,0
22,8.0,00:20:49,31229.0,11,11,B,2,切球,1.0,,1.0,4.0,739.0,261.0,,7.0,760.0,444.0,,,,,9.0,722.0,259.0,8.0,688.0,492.0,0
22,9.0,00:20:49,31249.0,11,11,A,2,勾球,,,2.0,7.0,760.0,444.0,,1.0,520.0,357.0,,,,,8.0,744.0,475.0,9.0,717.0,261.0,0
22,10.0,00:20:51,31275.0,11,11,B,2,放小球,,,2.0,1.0,520.0,357.0,,2.0,451.0,393.0,,,,,7.0,564.0,350.0,8.0,640.0,482.0,0
22,11.0,00:20:51,31297.0,11,11,A,2,挑球,,1.0,2.0,2.0,451.0,393.0,,9.0,686.0,266.0,,,,,2.0,496.0,412.0,7.0,564.0,352.0,0
22,12.0,00:20:54,31350.0,11,11,B,2,殺球,1.0,,1.0,9.0,686.0,266.0,,8.0,765.0,547.0,,,,,9.0,688.0,259.0,8.0,686.0,520.0,0
22,13.0,00:20:54,31359.0,11,11,A,2,防守回抽,,,2.0,8.0,765.0,547.0,,5.0,528.0,319.0,,,,,8.0,710.0,549.0,8.0,674.0,273.0,0
22,14.0,00:20:55,31381.0,11,11,B,2,平球,,,1.0,5.0,528.0,319.0,,8.0,604.0,496.0,,,,,8.0,590.0,331.0,8.0,686.0,549.0,0
22,15.0,00:20:55,31391.0,11,11,A,2,防守回抽,,1.0,2.0,8.0,604.0,496.0,,8.0,640.0,331.0,,,,,8.0,674.0,532.0,7.0,571.0,336.0,0
22,16.0,00:20:55,31398.0,11,11,B,3,平球,,1.0,2.0,8.0,640.0,331.0,,8.0,676.0,319.0,未過網,對手未過網,A,,7.0,583.0,336.0,8.0,674.0,506.0,0
23,1.0,00:21:17,31942.0,11,12,A,1,發短球,,1.0,2.0,,,,,7.0,696.0,343.0,,,,,8.0,621.0,482.0,8.0,717.0,290.0,0
23,2.0,00:21:18,31959.0,11,12,B,2,放小球,,,2.0,7.0,696.0,343.0,,7.0,724.0,400.0,,,,,8.0,674.0,328.0,8.0,640.0,482.0,0
23,3.0,00:21:19,31980.0,11,12,A,2,挑球,,,2.0,7.0,724.0,400.0,,9.0,554.0,268.0,,,,,7.0,696.0,439.0,8.0,655.0,328.0,0
23,4.0,00:21:20,32013.0,11,12,B,2,切球,,,1.0,9.0,554.0,268.0,,7.0,763.0,456.0,,,,,9.0,600.0,271.0,8.0,626.0,501.0,0
23,5.0,00:21:21,32036.0,11,12,A,2,放小球,,,2.0,7.0,763.0,456.0,,2.0,760.0,352.0,,,,,8.0,732.0,472.0,9.0,576.0,266.0,0
23,6.0,00:21:22,32059.0,11,12,B,2,推球,,1.0,2.0,2.0,760.0,352.0,,3.0,883.0,626.0,,,,,7.0,715.0,348.0,8.0,700.0,484.0,0
23,7.0,00:21:23,32090.0,11,12,A,2,過度切球,,,1.0,3.0,883.0,626.0,,2.0,768.0,338.0,,,,,3.0,816.0,616.0,8.0,669.0,312.0,0
23,8.0,00:21:24,32114.0,11,12,B,2,推球,,1.0,2.0,2.0,768.0,338.0,,3.0,856.0,597.0,,,,,6.0,746.0,321.0,8.0,724.0,552.0,0
23,9.0,00:21:25,32140.0,11,12,A,2,點扣,,,1.0,3.0,856.0,597.0,,6.0,787.0,292.0,,,,,3.0,816.0,600.0,8.0,652.0,295.0,0
23,10.0,00:21:26,32152.0,11,12,B,2,過度切球,,1.0,2.0,6.0,787.0,292.0,,1.0,811.0,434.0,,,,,8.0,631.0,300.0,3.0,830.0,602.0,0
23,11.0,00:21:26,32173.0,11,12,A,2,放小球,,,2.0,1.0,811.0,434.0,,2.0,792.0,362.0,,,,,1.0,770.0,453.0,8.0,708.0,307.0,0
23,12.0,00:21:27,32192.0,11,12,B,2,放小球,,1.0,2.0,2.0,792.0,362.0,,1.0,792.0,398.0,,,,,7.0,732.0,336.0,8.0,765.0,465.0,0
23,13.0,00:21:28,32213.0,11,12,A,3,勾球,,,2.0,1.0,792.0,398.0,2.0,7.0,628.0,398.0,掛網,對手掛網,B,,1.0,770.0,420.0,7.0,724.0,348.0,0
24,1.0,00:21:49,32740.0,11,13,B,1,發短球,,1.0,2.0,,,,,1.0,796.0,458.0,,,,,8.0,624.0,324.0,8.0,710.0,532.0,0
24,2.0,00:21:50,32762.0,11,13,A,2,放小球,,,2.0,1.0,796.0,458.0,,2.0,789.0,345.0,,,,,8.0,760.0,465.0,8.0,638.0,314.0,0
24,3.0,00:21:51,32782.0,11,13,B,2,放小球,,1.0,2.0,2.0,789.0,345.0,,1.0,813.0,405.0,,,,,8.0,732.0,333.0,8.0,712.0,477.0,0
24,4.0,00:21:52,32806.0,11,13,A,3,挑球,,,2.0,1.0,813.0,405.0,2.0,4.0,736.0,256.0,出界,對手出界,B,,7.0,756.0,441.0,8.0,688.0,321.0,0
25,1.0,00:22:17,33447.0,12,13,B,1,發短球,,1.0,2.0,,,,,7.0,528.0,453.0,,,,,8.0,640.0,321.0,8.0,556.0,520.0,0
25,2.0,00:22:18,33466.0,12,13,A,2,放小球,,1.0,2.0,7.0,528.0,453.0,,1.0,489.0,357.0,,,,,8.0,585.0,465.0,8.0,626.0,312.0,0
25,3.0,00:22:19,33487.0,12,13,B,2,放小球,,,2.0,1.0,489.0,357.0,,2.0,448.0,403.0,,,,,8.0,542.0,333.0,8.0,571.0,465.0,0
25,4.0,00:22:20,33509.0,12,13,A,2,挑球,,1.0,2.0,2.0,448.0,403.0,,9.0,710.0,271.0,,,,,2.0,492.0,422.0,7.0,559.0,338.0,0
25,5.0,00:22:21,33545.0,12,13,B,2,殺球,1.0,,1.0,9.0,710.0,271.0,,6.0,480.0,513.0,,,,,9.0,710.0,264.0,8.0,672.0,508.0,0
25,6.0,00:22:22,33558.0,12,13,A,2,擋小球,,1.0,2.0,6.0,480.0,513.0,,5.0,520.0,326.0,,,,,8.0,717.0,518.0,9.0,705.0,259.0,0
25,7.0,00:22:23,33584.0,12,13,B,2,推球,,,1.0,5.0,520.0,326.0,,6.0,458.0,518.0,,,,,8.0,561.0,314.0,8.0,578.0,492.0,0
25,8.0,00:22:23,33595.0,12,13,A,2,擋小球,,1.0,1.0,6.0,458.0,518.0,,1.0,475.0,345.0,,,,,8.0,624.0,511.0,8.0,559.0,307.0,0
25,9.0,00:22:24,33615.0,12,13,B,2,推球,,,2.0,1.0,475.0,345.0,,4.0,429.0,600.0,,,,,1.0,504.0,336.0,8.0,564.0,496.0,0
25,10.0,00:22:25,33635.0,12,13,A,2,殺球,1.0,,1.0,4.0,429.0,600.0,,6.0,736.0,295.0,,,,,8.0,566.0,585.0,8.0,573.0,300.0,0
25,11.0,00:22:26,33650.0,12,13,B,2,擋小球,,1.0,2.0,6.0,736.0,295.0,,1.0,813.0,453.0,,,,,8.0,568.0,300.0,8.0,535.0,554.0,0
25,12.0,00:22:26,33673.0,12,13,A,2,平球,,,1.0,1.0,813.0,453.0,,8.0,693.0,307.0,,,,,1.0,770.0,448.0,8.0,722.0,314.0,0
25,13.0,00:22:27,33678.0,12,13,B,3,防守回抽,,1.0,2.0,8.0,693.0,307.0,,15.0,396.0,307.0,未過網,對手未過網,A,,8.0,650.0,302.0,1.0,792.0,434.0,0
26,1.0,00:23:08,34710.0,12,14,A,1,發短球,,1.0,2.0,,,,,7.0,566.0,345.0,,,,,8.0,638.0,484.0,8.0,578.0,302.0,0
26,2.0,00:23:09,34728.0,12,14,B,2,放小球,,1.0,2.0,7.0,566.0,345.0,,2.0,504.0,408.0,,,,,8.0,568.0,328.0,8.0,645.0,496.0,0
26,3.0,00:23:10,34750.0,12,14,A,2,放小球,,1.0,2.0,2.0,504.0,408.0,,1.0,460.0,355.0,,,,,7.0,528.0,424.0,8.0,571.0,328.0,0
26,4.0,00:23:10,34770.0,12,14,B,2,挑球,,,2.0,1.0,460.0,355.0,,6.0,424.0,580.0,,,,,1.0,513.0,355.0,7.0,544.0,436.0,0
26,5.0,00:23:12,34815.0,12,14,A,2,殺球,1.0,,1.0,6.0,424.0,580.0,,5.0,489.0,300.0,,,,,6.0,463.0,568.0,8.0,576.0,300.0,0
26,6.0,00:23:13,34826.0,12,14,B,2,擋小球,,,2.0,5.0,489.0,300.0,,2.0,475.0,422.0,,,,,8.0,561.0,300.0,6.0,463.0,568.0,0
26,7.0,00:23:13,34845.0,12,14,A,2,放小球,,1.0,2.0,2.0,475.0,422.0,,1.0,472.0,360.0,,,,,8.0,530.0,463.0,8.0,556.0,300.0,0
26,8.0,00:23:14,34866.0,12,14,B,2,放小球,,,2.0,1.0,472.0,360.0,,2.0,448.0,417.0,,,,,1.0,516.0,352.0,8.0,559.0,472.0,0
26,9.0,00:23:15,34886.0,12,14,A,2,放小球,,1.0,2.0,2.0,448.0,417.0,,1.0,475.0,357.0,,,,,2.0,492.0,432.0,7.0,554.0,336.0,0
26,10.0,00:23:16,34908.0,12,14,B,2,挑球,,,2.0,1.0,475.0,357.0,,3.0,890.0,614.0,,,,,1.0,518.0,350.0,7.0,528.0,441.0,0
26,11.0,00:23:18,34966.0,12,14,A,3,殺球,,,1.0,3.0,890.0,614.0,1.0,6.0,792.0,280.0,出界,對手出界,B,,5.0,856.0,590.0,8.0,631.0,292.0,0
27,1.0,00:24:05,36142.0,13,14,B,1,未知球種,,,2.0,,,,,,,,,,,1.0,,,,,,,0
27,2.0,00:24:05,36142.0,13,14,A,2,未知球種,,,,,,,,,,,,,,1.0,,,,,,,0
28,1.0,00:24:35,36895.0,14,14,A,1,發短球,,1.0,2.0,,,,,7.0,660.0,345.0,,,,,8.0,624.0,489.0,8.0,710.0,295.0,0
28,2.0,00:24:36,36911.0,14,14,B,2,放小球,,,2.0,7.0,660.0,345.0,,7.0,698.0,403.0,,,,,8.0,676.0,328.0,8.0,643.0,484.0,0
28,3.0,00:24:37,36930.0,14,14,A,2,推球,,,2.0,7.0,698.0,403.0,,4.0,768.0,266.0,,,,,7.0,676.0,441.0,7.0,652.0,338.0,0
28,4.0,00:24:38,36968.0,14,14,B,2,過度切球,,1.0,2.0,4.0,768.0,266.0,,1.0,818.0,456.0,,,,,9.0,724.0,256.0,8.0,686.0,504.0,0
28,5.0,00:24:39,36984.0,14,14,A,2,放小球,,,2.0,1.0,818.0,456.0,,2.0,780.0,348.0,,,,,8.0,748.0,487.0,8.0,676.0,273.0,0
28,6.0,00:24:40,37007.0,14,14,B,2,放小球,,1.0,2.0,2.0,780.0,348.0,,1.0,816.0,396.0,,,,,7.0,736.0,336.0,8.0,712.0,477.0,0
28,7.0,00:24:41,37032.0,14,14,A,2,挑球,,,2.0,1.0,816.0,396.0,,3.0,496.0,271.0,,,,,1.0,775.0,424.0,7.0,720.0,336.0,0
28,8.0,00:24:42,37069.0,14,14,B,2,後場抽平球,,,1.0,3.0,496.0,271.0,,6.0,436.0,511.0,,,,,3.0,537.0,256.0,8.0,628.0,487.0,0
28,9.0,00:24:43,37084.0,14,14,A,2,擋小球,,1.0,1.0,6.0,436.0,511.0,,1.0,484.0,345.0,,,,,8.0,628.0,504.0,9.0,552.0,271.0,0
28,10.0,00:24:44,37104.0,14,14,B,2,推球,,,2.0,1.0,484.0,345.0,,6.0,432.0,568.0,,,,,5.0,520.0,331.0,8.0,547.0,494.0,0
28,11.0,00:24:45,37129.0,14,14,A,2,過度切球,,1.0,1.0,6.0,432.0,568.0,,8.0,693.0,321.0,,,,,6.0,465.0,564.0,8.0,585.0,295.0,0
28,12.0,00:24:46,37150.0,14,14,B,2,勾球,,1.0,2.0,8.0,693.0,321.0,,2.0,468.0,408.0,,,,,8.0,672.0,324.0,8.0,580.0,549.0,0
28,13.0,00:24:46,37172.0,14,14,A,2,挑球,,1.0,2.0,2.0,468.0,408.0,,9.0,717.0,261.0,,,,,7.0,518.0,448.0,8.0,616.0,326.0,0
28,14.0,00:24:48,37202.0,14,14,B,2,殺球,1.0,,1.0,9.0,717.0,261.0,,6.0,477.0,530.0,,,,,9.0,710.0,256.0,8.0,662.0,496.0,0
28,15.0,00:24:48,37215.0,14,14,A,2,擋小球,,1.0,2.0,6.0,477.0,530.0,,1.0,468.0,350.0,,,,,8.0,717.0,535.0,9.0,712.0,259.0,0
28,16.0,00:24:49,37240.0,14,14,B,2,放小球,,,2.0,1.0,468.0,350.0,,2.0,456.0,429.0,,,,,5.0,528.0,321.0,8.0,535.0,508.0,0
28,17.0,00:24:50,37264.0,14,14,A,2,勾球,,1.0,1.0,2.0,456.0,429.0,,2.0,751.0,345.0,,,,,2.0,487.0,439.0,5.0,513.0,312.0,0
28,18.0,00:24:51,37285.0,14,14,B,2,放小球,,1.0,2.0,2.0,751.0,345.0,,1.0,760.0,405.0,,,,,8.0,715.0,331.0,8.0,585.0,465.0,0
28,19.0,00:24:52,37305.0,14,14,A,2,放小球,,,2.0,1.0,760.0,405.0,,7.0,734.0,362.0,,,,,7.0,729.0,424.0,8.0,712.0,333.0,0
28,20.0,00:24:53,37326.0,14,14,B,3,放小球,,1.0,2.0,7.0,734.0,362.0,,2.0,775.0,374.0,未過網,對手未過網,A,,7.0,684.0,352.0,7.0,684.0,446.0,0
29,1.0,00:25:20,38017.0,15,14,A,1,發短球,,1.0,2.0,,,,,7.0,573.0,343.0,,,,,8.0,648.0,482.0,8.0,580.0,304.0,0
29,2.0,00:25:21,38035.0,15,14,B,2,推球,,1.0,2.0,7.0,573.0,343.0,,3.0,844.0,597.0,,,,,7.0,564.0,336.0,8.0,650.0,489.0,0
29,3.0,00:25:22,38064.0,15,14,A,2,後場抽平球,,,1.0,3.0,844.0,597.0,,8.0,640.0,302.0,,,,,8.0,796.0,590.0,8.0,619.0,304.0,0
29,4.0,00:25:23,38076.0,15,14,B,2,擋小球,,,2.0,8.0,640.0,302.0,,7.0,657.0,420.0,,,,,8.0,614.0,307.0,3.0,804.0,602.0,0
29,5.0,00:25:24,38101.0,15,14,A,2,放小球,,1.0,2.0,7.0,657.0,420.0,,7.0,648.0,357.0,,,,,7.0,684.0,444.0,8.0,631.0,307.0,0
29,6.0,00:25:24,38124.0,15,14,B,2,挑球,,,2.0,7.0,648.0,357.0,,8.0,564.0,506.0,,,,,7.0,648.0,350.0,7.0,676.0,441.0,0
29,7.0,00:25:27,38177.0,15,14,A,3,殺球,1.0,,1.0,8.0,564.0,506.0,2.0,8.0,592.0,290.0,對手落地致勝,落地致勝,A,,8.0,573.0,516.0,8.0,643.0,300.0,0
30,1.0,00:25:56,38910.0,16,14,A,1,發短球,,1.0,2.0,,,,,7.0,648.0,345.0,,,,,8.0,621.0,472.0,8.0,708.0,300.0,0
30,2.0,00:25:57,38925.0,16,14,B,2,推球,,,2.0,7.0,648.0,345.0,,8.0,724.0,549.0,,,,,8.0,679.0,331.0,8.0,652.0,477.0,0
30,3.0,00:25:57,38947.0,16,14,A,2,點扣,,,1.0,8.0,724.0,549.0,,8.0,638.0,304.0,,,,,8.0,696.0,549.0,8.0,643.0,316.0,0
30,4.0,00:25:58,38959.0,16,14,B,2,防守回抽,,1.0,2.0,8.0,638.0,304.0,,8.0,518.0,504.0,,,,,8.0,614.0,302.0,8.0,705.0,568.0,0
30,5.0,00:25:58,38970.0,16,14,A,2,擋小球,,1.0,1.0,8.0,518.0,504.0,,7.0,552.0,345.0,,,,,8.0,698.0,525.0,8.0,573.0,307.0,0
30,6.0,00:25:59,38987.0,16,14,B,3,撲球,,,1.0,7.0,552.0,345.0,,12.0,936.0,619.0,出界,對手出界,A,,7.0,554.0,343.0,8.0,602.0,496.0,0
31,1.0,00:26:23,39587.0,17,14,A,1,發短球,,1.0,2.0,,,,,7.0,585.0,343.0,,,,,8.0,643.0,472.0,8.0,583.0,302.0,0
31,2.0,00:26:24,39603.0,17,14,B,2,放小球,,1.0,2.0,7.0,585.0,343.0,,7.0,564.0,400.0,,,,,7.0,578.0,336.0,8.0,640.0,482.0,0
31,3.0,00:26:25,39625.0,17,14,A,2,挑球,,1.0,2.0,7.0,564.0,400.0,,9.0,712.0,266.0,,,,,7.0,597.0,420.0,8.0,585.0,321.0,0
31,4.0,00:26:26,39663.0,17,14,B,2,切球,1.0,,1.0,9.0,712.0,266.0,,7.0,528.0,451.0,,,,,9.0,698.0,264.0,8.0,667.0,501.0,0
31,5.0,00:26:27,39681.0,17,14,A,2,擋小球,,1.0,2.0,7.0,528.0,451.0,,7.0,528.0,360.0,,,,,8.0,580.0,463.0,9.0,684.0,264.0,0
31,6.0,00:26:28,39704.0,17,14,B,2,挑球,,,2.0,7.0,528.0,360.0,,4.0,403.0,595.0,,,,,7.0,552.0,343.0,8.0,573.0,472.0,0
31,7.0,00:26:29,39746.0,17,14,A,2,殺球,1.0,,1.0,4.0,403.0,595.0,,5.0,477.0,290.0,,,,,4.0,434.0,609.0,8.0,588.0,290.0,0
31,8.0,00:26:30,39758.0,17,14,B,2,擋小球,,,2.0,5.0,477.0,290.0,,2.0,472.0,422.0,,,,,8.0,549.0,290.0,6.0,429.0,585.0,0
31,9.0,00:26:31,39776.0,17,14,A,2,挑球,,1.0,2.0,2.0,472.0,422.0,,4.0,736.0,268.0,,,,,8.0,511.0,475.0,5.0,537.0,292.0,0
31,10.0,00:26:32,39811.0,17,14,B,2,長球,1.0,,1.0,4.0,736.0,268.0,,6.0,472.0,585.0,,,,,9.0,664.0,268.0,8.0,672.0,506.0,0
31,11.0,00:26:33,39840.0,17,14,A,2,殺球,1.0,,1.0,6.0,472.0,585.0,,6.0,736.0,295.0,,,,,8.0,530.0,585.0,8.0,612.0,292.0,0
31,12.0,00:26:34,39854.0,17,14,B,3,擋小球,,1.0,2.0,6.0,736.0,295.0,,2.0,765.0,381.0,掛網,對手掛網,A,,8.0,590.0,290.0,8.0,492.0,583.0,0
32,1.0,00:27:01,40527.0,18,14,A,1,發短球,,1.0,2.0,,,,,7.0,684.0,345.0,,,,,8.0,619.0,484.0,8.0,710.0,302.0,0
32,2.0,00:27:01,40543.0,18,14,B,2,放小球,,,2.0,7.0,684.0,345.0,,7.0,732.0,410.0,,,,,7.0,681.0,343.0,8.0,645.0,494.0,0
32,3.0,00:27:02,40564.0,18,14,A,2,放小球,,,2.0,7.0,732.0,410.0,,7.0,676.0,369.0,,,,,7.0,708.0,420.0,8.0,672.0,333.0,0
32,4.0,00:27:03,40584.0,18,14,B,3,放小球,,1.0,2.0,7.0,676.0,369.0,,7.0,672.0,372.0,掛網,對手掛網,A,,7.0,638.0,355.0,7.0,684.0,417.0,0
33,1.0,00:27:25,41140.0,19,14,A,1,發短球,,1.0,2.0,,,,,7.0,559.0,345.0,,,,,8.0,650.0,470.0,8.0,580.0,302.0,0
33,2.0,00:27:26,41164.0,19,14,B,2,放小球,,,2.0,7.0,559.0,345.0,,7.0,588.0,405.0,,,,,7.0,600.0,350.0,8.0,650.0,484.0,0
33,3.0,00:27:27,41181.0,19,14,A,2,挑球,,1.0,2.0,7.0,588.0,405.0,,4.0,729.0,266.0,,,,,7.0,643.0,451.0,7.0,607.0,336.0,0
33,4.0,00:27:28,41210.0,19,14,B,2,點扣,1.0,,1.0,4.0,729.0,266.0,,5.0,820.0,511.0,,,,,9.0,708.0,259.0,8.0,708.0,511.0,0
33,5.0,00:27:28,41224.0,19,14,A,2,勾球,,,2.0,5.0,820.0,511.0,,7.0,530.0,340.0,,,,,8.0,734.0,537.0,8.0,700.0,273.0,0
33,6.0,00:27:30,41251.0,19,14,B,2,推球,,,2.0,7.0,530.0,340.0,,3.0,818.0,604.0,,,,,7.0,580.0,345.0,8.0,640.0,504.0,0
33,7.0,00:27:31,41279.0,19,14,A,2,後場抽平球,,,1.0,3.0,818.0,604.0,,6.0,765.0,292.0,,,,,8.0,736.0,585.0,8.0,640.0,316.0,0
33,8.0,00:27:31,41298.0,19,14,B,2,防守回抽,,1.0,1.0,6.0,765.0,292.0,,5.0,806.0,520.0,,,,,8.0,655.0,300.0,8.0,746.0,556.0,0
33,9.0,00:27:32,41309.0,19,14,A,2,平球,,,1.0,5.0,806.0,520.0,,6.0,768.0,300.0,,,,,8.0,724.0,513.0,8.0,672.0,312.0,0
33,10.0,00:27:32,41322.0,19,14,B,2,擋小球,,1.0,1.0,6.0,768.0,300.0,,1.0,804.0,432.0,,,,,8.0,638.0,312.0,8.0,777.0,506.0,0
33,11.0,00:27:33,41340.0,19,14,A,2,推球,,,2.0,1.0,804.0,432.0,,9.0,547.0,264.0,,,,,5.0,777.0,460.0,8.0,652.0,312.0,0
33,12.0,00:27:35,41375.0,19,14,B,2,切球,,,1.0,9.0,547.0,264.0,,1.0,787.0,439.0,,,,,9.0,597.0,261.0,8.0,652.0,492.0,0
33,13.0,00:27:35,41397.0,19,14,A,2,挑球,,,2.0,1.0,787.0,439.0,,4.0,760.0,266.0,,,,,8.0,758.0,463.0,8.0,600.0,283.0,0
33,14.0,00:27:36,41424.0,19,14,B,2,殺球,1.0,,1.0,4.0,760.0,266.0,,6.0,434.0,520.0,,,,,9.0,720.0,266.0,8.0,720.0,501.0,0
33,15.0,00:27:37,41438.0,19,14,A,2,擋小球,,1.0,2.0,6.0,434.0,520.0,,1.0,460.0,350.0,,,,,8.0,583.0,549.0,8.0,724.0,276.0,0
33,16.0,00:27:38,41464.0,19,14,B,3,撲球,,,1.0,1.0,460.0,350.0,,13.0,868.0,676.0,出界,對手出界,A,,7.0,544.0,343.0,6.0,444.0,504.0,0
34,1.0,00:28:43,43080.0,20,14,A,1,發短球,,1.0,2.0,,,,,7.0,657.0,338.0,,,,,8.0,616.0,484.0,8.0,705.0,304.0,0
34,2.0,00:28:44,43101.0,20,14,B,2,推球,,1.0,2.0,7.0,657.0,338.0,,6.0,448.0,583.0,,,,,7.0,619.0,336.0,8.0,645.0,477.0,0
34,3.0,00:28:45,43125.0,20,14,A,2,殺球,1.0,,1.0,6.0,448.0,583.0,,8.0,564.0,297.0,,,,,8.0,564.0,568.0,8.0,583.0,304.0,0
34,4.0,00:28:45,43135.0,20,14,B,2,擋小球,,,2.0,8.0,564.0,297.0,,7.0,693.0,453.0,,,,,8.0,556.0,302.0,8.0,540.0,578.0,0
34,5.0,00:28:46,43159.0,20,14,A,2,放小球,,,2.0,7.0,693.0,453.0,,7.0,612.0,350.0,,,,,8.0,662.0,496.0,8.0,621.0,300.0,0
34,6.0,00:28:47,43175.0,20,14,B,2,推球,,,2.0,7.0,612.0,350.0,,5.0,832.0,573.0,,,,,7.0,604.0,343.0,8.0,655.0,482.0,0
34,7.0,00:28:48,43203.0,20,14,A,2,切球,,,1.0,5.0,832.0,573.0,,7.0,537.0,336.0,,,,,8.0,784.0,585.0,8.0,636.0,316.0,0
34,8.0,00:28:48,43221.0,20,14,B,2,推球,,,2.0,7.0,537.0,336.0,,5.0,840.0,590.0,,,,,8.0,576.0,331.0,8.0,705.0,554.0,0
34,9.0,00:28:49,43247.0,20,14,A,2,過度切球,,,1.0,5.0,840.0,590.0,,7.0,537.0,343.0,,,,,9.0,768.0,592.0,8.0,636.0,314.0,0
34,10.0,00:28:50,43266.0,20,14,B,2,推球,,,1.0,7.0,537.0,343.0,,8.0,758.0,511.0,,,,,8.0,580.0,321.0,8.0,708.0,564.0,0
34,11.0,00:28:51,43285.0,20,14,A,2,點扣,,,1.0,8.0,758.0,511.0,,8.0,604.0,314.0,,,,,8.0,648.0,499.0,8.0,592.0,321.0,0
34,12.0,00:28:51,43294.0,20,14,B,2,防守回抽,,,2.0,8.0,604.0,314.0,,8.0,669.0,496.0,,,,,8.0,612.0,316.0,8.0,763.0,540.0,0
34,13.0,00:28:52,43312.0,20,14,A,3,殺球,,,1.0,8.0,669.0,496.0,2.0,8.0,609.0,295.0,對手落地致勝,落地致勝,A,,8.0,679.0,525.0,8.0,612.0,314.0,0
35,1.0,00:29:43,44580.0,20,15,A,1,發短球,,1.0,2.0,,,,,5.0,504.0,333.0,,,,,8.0,652.0,463.0,8.0,588.0,295.0,0
35,2.0,00:29:44,44600.0,20,15,B,3,挑球,,1.0,2.0,5.0,504.0,333.0,,5.0,900.0,590.0,對手落地致勝,落地致勝,B,,8.0,537.0,328.0,8.0,628.0,482.0,0
36,1.0,00:30:06,45163.0,20,16,B,1,發短球,,1.0,2.0,,,,,7.0,597.0,441.0,,,,,8.0,640.0,321.0,8.0,559.0,523.0,0
36,2.0,00:30:07,45178.0,20,16,A,2,放小球,,,2.0,7.0,597.0,441.0,,7.0,592.0,355.0,,,,,8.0,564.0,470.0,8.0,602.0,314.0,0
36,3.0,00:30:07,45191.0,20,16,B,2,推球,,1.0,2.0,7.0,592.0,355.0,,6.0,487.0,530.0,,,,,8.0,573.0,331.0,8.0,616.0,480.0,0
36,4.0,00:30:08,45214.0,20,16,A,2,長球,1.0,,1.0,6.0,487.0,530.0,,9.0,717.0,266.0,,,,,8.0,578.0,506.0,8.0,576.0,328.0,0
36,5.0,00:30:09,45246.0,20,16,B,2,點扣,1.0,,1.0,9.0,717.0,266.0,,5.0,801.0,530.0,,,,,13.0,700.0,252.0,8.0,660.0,535.0,0
36,6.0,00:30:10,45258.0,20,16,A,2,擋小球,,,2.0,5.0,801.0,530.0,,2.0,758.0,338.0,,,,,8.0,722.0,535.0,8.0,703.0,276.0,0
36,7.0,00:30:11,45282.0,20,16,B,2,放小球,,1.0,1.0,2.0,758.0,338.0,,1.0,808.0,427.0,,,,,8.0,708.0,331.0,8.0,753.0,528.0,0
36,8.0,00:30:12,45308.0,20,16,A,2,挑球,,,2.0,1.0,808.0,427.0,,9.0,556.0,266.0,,,,,1.0,796.0,453.0,8.0,686.0,316.0,0
36,9.0,00:30:13,45343.0,20,16,B,2,切球,,,1.0,9.0,556.0,266.0,,1.0,794.0,448.0,,,,,9.0,614.0,264.0,8.0,669.0,499.0,0
36,10.0,00:30:14,45367.0,20,16,A,2,放小球,,,2.0,1.0,794.0,448.0,,2.0,780.0,348.0,,,,,5.0,772.0,468.0,9.0,573.0,264.0,0
36,11.0,00:30:15,45390.0,20,16,B,2,推球,,1.0,2.0,2.0,780.0,348.0,,6.0,420.0,564.0,,,,,7.0,736.0,338.0,8.0,724.0,482.0,0
36,12.0,00:30:16,45418.0,20,16,A,2,後場抽平球,,1.0,1.0,6.0,420.0,564.0,,5.0,513.0,300.0,,,,,8.0,482.0,576.0,8.0,643.0,309.0,0
36,13.0,00:30:17,45432.0,20,16,B,2,後場抽平球,,,1.0,5.0,513.0,300.0,,8.0,744.0,528.0,,,,,8.0,542.0,292.0,8.0,559.0,537.0,0
36,14.0,00:30:17,45444.0,20,16,A,2,後場抽平球,,,2.0,8.0,744.0,528.0,,6.0,736.0,290.0,,,,,8.0,636.0,542.0,8.0,561.0,302.0,0
36,15.0,00:30:18,45461.0,20,16,B,2,點扣,1.0,,1.0,6.0,736.0,290.0,,8.0,578.0,516.0,,,,,8.0,672.0,292.0,8.0,705.0,535.0,0
36,16.0,00:30:18,45471.0,20,16,A,2,擋小球,,1.0,2.0,8.0,578.0,516.0,,1.0,506.0,338.0,,,,,8.0,736.0,547.0,8.0,676.0,300.0,0
36,17.0,00:30:19,45493.0,20,16,B,2,推球,,,2.0,1.0,506.0,338.0,,6.0,427.0,583.0,,,,,8.0,576.0,328.0,8.0,648.0,504.0,0
36,18.0,00:30:20,45520.0,20,16,A,3,點扣,1.0,,1.0,6.0,427.0,583.0,2.0,15.0,456.0,295.0,出界,對手出界,B,,8.0,523.0,564.0,8.0,564.0,321.0,0
37,1.0,00:30:51,46279.0,20,17,B,1,發短球,,1.0,2.0,,,,,7.0,669.0,439.0,,,,,8.0,624.0,319.0,8.0,710.0,525.0,0
37,2.0,00:30:52,46316.0,20,17,A,2,放小球,,1.0,2.0,7.0,669.0,439.0,,2.0,768.0,345.0,,,,,8.0,717.0,468.0,8.0,624.0,314.0,0
37,3.0,00:30:53,46335.0,20,17,B,2,勾球,,1.0,2.0,2.0,768.0,345.0,,2.0,460.0,420.0,,,,,7.0,724.0,336.0,8.0,679.0,470.0,0
37,4.0,00:30:54,46361.0,20,17,A,2,放小球,,1.0,2.0,2.0,460.0,420.0,,1.0,468.0,362.0,,,,,2.0,501.0,441.0,8.0,619.0,331.0,0
37,5.0,00:30:55,46379.0,20,17,B,2,勾球,,,2.0,1.0,468.0,362.0,,1.0,787.0,410.0,,,,,1.0,487.0,357.0,7.0,535.0,434.0,0
37,6.0,00:30:55,46398.0,20,17,A,2,放小球,,,2.0,1.0,787.0,410.0,,2.0,806.0,357.0,,,,,7.0,732.0,417.0,7.0,554.0,345.0,0
37,7.0,00:30:56,46419.0,20,17,B,2,挑球,,1.0,2.0,2.0,806.0,357.0,,9.0,628.0,619.0,,,,,7.0,734.0,352.0,7.0,741.0,451.0,0
37,8.0,00:30:58,46463.0,20,17,A,2,點扣,1.0,,1.0,9.0,628.0,619.0,,8.0,734.0,297.0,,,,,9.0,628.0,609.0,8.0,607.0,304.0,0
37,9.0,00:30:59,46478.0,20,17,B,2,擋小球,,1.0,2.0,8.0,734.0,297.0,,1.0,816.0,448.0,,,,,8.0,602.0,297.0,8.0,619.0,585.0,0
37,10.0,00:31:00,46503.0,20,17,A,2,放小球,,,2.0,1.0,816.0,448.0,,2.0,772.0,348.0,,,,,8.0,746.0,480.0,8.0,679.0,307.0,0
37,11.0,00:31:00,46520.0,20,17,B,2,勾球,,1.0,2.0,2.0,772.0,348.0,,2.0,506.0,434.0,,,,,7.0,736.0,343.0,8.0,696.0,470.0,0
37,12.0,00:31:01,46542.0,20,17,A,2,推球,,1.0,2.0,2.0,506.0,434.0,,9.0,710.0,264.0,,,,,7.0,566.0,441.0,8.0,676.0,314.0,0
37,13.0,00:31:02,46571.0,20,17,B,2,殺球,1.0,,1.0,9.0,710.0,264.0,,6.0,408.0,511.0,,,,,9.0,679.0,259.0,8.0,681.0,511.0,0
37,14.0,00:31:03,46586.0,20,17,A,2,擋小球,,1.0,2.0,6.0,408.0,511.0,,1.0,480.0,352.0,,,,,8.0,660.0,528.0,9.0,684.0,268.0,0
37,15.0,00:31:04,46613.0,20,17,B,2,放小球,,,2.0,1.0,480.0,352.0,,2.0,458.0,412.0,,,,,7.0,532.0,336.0,8.0,496.0,494.0,0
37,16.0,00:31:05,46636.0,20,17,A,2,挑球,,1.0,2.0,2.0,458.0,412.0,,9.0,681.0,266.0,,,,,2.0,492.0,439.0,8.0,544.0,326.0,0
37,17.0,00:31:06,46670.0,20,17,B,2,長球,,1.0,1.0,9.0,681.0,266.0,,9.0,688.0,600.0,,,,,8.0,674.0,273.0,8.0,633.0,496.0,0
37,18.0,00:31:08,46700.0,20,17,A,2,切球,,,1.0,9.0,688.0,600.0,,2.0,770.0,343.0,,,,,8.0,696.0,561.0,8.0,602.0,295.0,0
37,19.0,00:31:08,46721.0,20,17,B,2,放小球,,1.0,2.0,2.0,770.0,343.0,,7.0,748.0,391.0,,,,,6.0,751.0,333.0,8.0,691.0,549.0,0
37,20.0,00:31:09,46747.0,20,17,A,3,挑球,,,2.0,7.0,748.0,391.0,2.0,13.0,552.0,252.0,出界,對手出界,B,,7.0,729.0,439.0,8.0,696.0,316.0,0
38,1.0,00:31:43,47588.0,21,17,B,1,發短球,,1.0,2.0,,,,,7.0,552.0,434.0,,,,,8.0,638.0,324.0,8.0,556.0,516.0,0
38,2.0,00:31:44,47611.0,21,17,A,2,放小球,,1.0,2.0,7.0,552.0,434.0,,7.0,607.0,350.0,,,,,8.0,600.0,468.0,8.0,628.0,316.0,0
38,3.0,00:31:45,47628.0,21,17,B,2,放小球,,,2.0,7.0,607.0,350.0,,7.0,616.0,412.0,,,,,8.0,631.0,331.0,8.0,619.0,465.0,0
38,4.0,00:31:45,47646.0,21,17,A,2,挑球,,1.0,2.0,7.0,616.0,412.0,,9.0,592.0,264.0,,,,,7.0,652.0,424.0,8.0,633.0,331.0,0
38,5.0,00:31:47,47683.0,21,17,B,2,殺球,,,1.0,9.0,592.0,264.0,,8.0,530.0,511.0,,,,,9.0,609.0,256.0,8.0,652.0,499.0,0
38,6.0,00:31:47,47693.0,21,17,A,2,擋小球,,1.0,2.0,8.0,530.0,511.0,,1.0,516.0,338.0,,,,,8.0,688.0,540.0,9.0,568.0,266.0,0
38,7.0,00:31:48,47715.0,21,17,B,2,放小球,,,2.0,1.0,516.0,338.0,,7.0,592.0,427.0,,,,,8.0,559.0,316.0,8.0,609.0,496.0,0
38,8.0,00:31:49,47736.0,21,17,A,2,推球,,1.0,2.0,7.0,592.0,427.0,,9.0,698.0,271.0,,,,,7.0,628.0,456.0,8.0,602.0,316.0,0
38,9.0,00:31:50,47764.0,21,17,B,2,切球,1.0,,1.0,9.0,698.0,271.0,,1.0,780.0,446.0,,,,,8.0,691.0,273.0,8.0,684.0,513.0,0
38,10.0,00:31:51,47788.0,21,17,A,2,放小球,,,2.0,1.0,780.0,446.0,,7.0,676.0,340.0,,,,,8.0,751.0,468.0,8.0,679.0,285.0,0
38,11.0,00:31:52,47805.0,21,17,B,2,推球,,1.0,2.0,7.0,676.0,340.0,,6.0,434.0,590.0,,,,,7.0,657.0,338.0,8.0,703.0,475.0,0
38,12.0,00:31:53,47835.0,21,17,A,2,點扣,1.0,,1.0,6.0,434.0,590.0,,8.0,703.0,295.0,,,,,8.0,588.0,583.0,8.0,595.0,292.0,0
38,13.0,00:31:54,47850.0,21,17,B,2,擋小球,,1.0,1.0,8.0,703.0,295.0,,1.0,804.0,417.0,,,,,8.0,576.0,295.0,8.0,556.0,580.0,0
38,14.0,00:31:55,47876.0,21,17,A,2,挑球,,,2.0,1.0,804.0,417.0,,9.0,552.0,266.0,,,,,7.0,760.0,448.0,8.0,684.0,321.0,0
38,15.0,00:31:56,47918.0,21,17,B,2,過度切球,,,2.0,9.0,552.0,266.0,,6.0,465.0,465.0,,,,,9.0,600.0,261.0,8.0,612.0,480.0,0
38,16.0,00:31:57,47934.0,21,17,A,2,放小球,,1.0,1.0,6.0,465.0,465.0,,1.0,472.0,352.0,,,,,8.0,576.0,475.0,9.0,628.0,264.0,0
38,17.0,00:31:58,47958.0,21,17,B,3,放小球,,,2.0,1.0,472.0,352.0,,16.0,400.0,434.0,出界,對手出界,A,,5.0,516.0,328.0,8.0,573.0,489.0,0
